{
  "1-shot": {
    "en": {
      "exact_match": 0.7640854247629547,
      "f1": 0.8436609073449759,
      "bleu": 0.7932245093397815
    },
    "es": {
      "exact_match": 0.6859200329601982,
      "f1": 0.7593801226632311,
      "bleu": 0.7529095383492643
    },
    "de": {
      "exact_match": 0.6700759194015264,
      "f1": 0.7790104824249495,
      "bleu": 0.6961948680009816
    },
    "el": {
      "exact_match": 0.5496671846012392,
      "f1": 0.7032846265459891,
      "bleu": 0.6129320941404898
    },
    "ru": {
      "exact_match": 0.6523440311507419,
      "f1": 0.7136698345231698,
      "bleu": 0.6426378820375879
    },
    "tr": {
      "exact_match": 0.5923013660178785,
      "f1": 0.6305784243582278,
      "bleu": 0.5833296578621728
    },
    "ar": {
      "exact_match": 0.5413840195838058,
      "f1": 0.6116858378962449,
      "bleu": 0.5671401620326898
    },
    "vi": {
      "exact_match": 0.4991807871587364,
      "f1": 0.5960887935378218,
      "bleu": 0.49984313253441415
    },
    "th": {
      "exact_match": 0.48687049528848414,
      "f1": 0.5356906609007984,
      "bleu": 0.49928231907779075
    },
    "zh": {
      "exact_match": 0.4178457968688934,
      "f1": 0.47133902102108644,
      "bleu": 0.45055728813113577
    },
    "hi": {
      "exact_match": 0.41239530664757396,
      "f1": 0.4700839728487315,
      "bleu": 0.40049151863159094
    }
  },
  "5-shot": {
    "en": {
      "exact_match": 0.8029127430747698,
      "f1": 0.9589702507641163,
      "bleu": 0.8410687734182811
    },
    "es": {
      "exact_match": 0.7402553057856649,
      "f1": 0.847857257149524,
      "bleu": 0.7399774389842189
    },
    "de": {
      "exact_match": 0.723184137262718,
      "f1": 0.7959769104777121,
      "bleu": 0.7246734622733296
    },
    "el": {
      "exact_match": 0.6586907211104427,
      "f1": 0.7402601829543308,
      "bleu": 0.6528468114043727
    },
    "ru": {
      "exact_match": 0.6850163372754385,
      "f1": 0.7979965636311406,
      "bleu": 0.7100571825385593
    },
    "tr": {
      "exact_match": 0.615096382036205,
      "f1": 0.737348661524437,
      "bleu": 0.6220883377095224
    },
    "ar": {
      "exact_match": 0.6215268111915444,
      "f1": 0.6904346412497834,
      "bleu": 0.5984188491660448
    },
    "vi": {
      "exact_match": 0.5473276332186483,
      "f1": 0.6622672747689882,
      "bleu": 0.5809323040767498
    },
    "th": {
      "exact_match": 0.5276327219746353,
      "f1": 0.6153368896261885,
      "bleu": 0.5289497378231417
    },
    "zh": {
      "exact_match": 0.5123019170525703,
      "f1": 0.5803975332103171,
      "bleu": 0.5300562276665644
    },
    "hi": {
      "exact_match": 0.4528981782419304,
      "f1": 0.5490975389227244,
      "bleu": 0.4478864359800663
    }
  },
  "10-shot": {
    "en": {
      "exact_match": 0.8787303900684454,
      "f1": 0.9681493113018834,
      "bleu": 0.875305405685954
    },
    "es": {
      "exact_match": 0.8059905438776326,
      "f1": 0.8805056415149054,
      "bleu": 0.7769762284629605
    },
    "de": {
      "exact_match": 0.7823603145599315,
      "f1": 0.8496566901023623,
      "bleu": 0.7437764663519596
    },
    "el": {
      "exact_match": 0.6999858387639902,
      "f1": 0.7869815782391795,
      "bleu": 0.6754958599513299
    },
    "ru": {
      "exact_match": 0.730727447550653,
      "f1": 0.8356041928988788,
      "bleu": 0.7184264248163198
    },
    "tr": {
      "exact_match": 0.6648358048611259,
      "f1": 0.78421964295182,
      "bleu": 0.6333061256783052
    },
    "ar": {
      "exact_match": 0.6350835421603266,
      "f1": 0.7248770407520242,
      "bleu": 0.6210079147701922
    },
    "vi": {
      "exact_match": 0.6039709846697087,
      "f1": 0.6797048026087098,
      "bleu": 0.5916943046055739
    },
    "th": {
      "exact_match": 0.5479084166497609,
      "f1": 0.6776375706547293,
      "bleu": 0.5549495408965414
    },
    "zh": {
      "exact_match": 0.5366710948054342,
      "f1": 0.6117784694046603,
      "bleu": 0.5305691514863712
    },
    "hi": {
      "exact_match": 0.5055474731676802,
      "f1": 0.5919364098966535,
      "bleu": 0.4950450271442812
    }
  }
}