{
  "1-shot": {
    "en": {
      "exact_match": 0.7358385698133512,
      "f1": 0.8303649926276268,
      "bleu": 0.8005804345805114
    },
    "es": {
      "exact_match": 0.6335684535066132,
      "f1": 0.7290734071778177,
      "bleu": 0.7368054314006767
    },
    "de": {
      "exact_match": 0.6340198048617304,
      "f1": 0.6981322087116854,
      "bleu": 0.7202204637323473
    },
    "el": {
      "exact_match": 0.5313667834109633,
      "f1": 0.633860966855378,
      "bleu": 0.6443287346900671
    },
    "ru": {
      "exact_match": 0.5952571543553467,
      "f1": 0.6492333493967049,
      "bleu": 0.6889554666898219
    },
    "tr": {
      "exact_match": 0.5376581155665634,
      "f1": 0.5880477753644913,
      "bleu": 0.6248965347316706
    },
    "ar": {
      "exact_match": 0.49606579427517733,
      "f1": 0.5857842290627948,
      "bleu": 0.5752831031947272
    },
    "vi": {
      "exact_match": 0.4680082877441211,
      "f1": 0.52061248051361,
      "bleu": 0.5413947388100833
    },
    "th": {
      "exact_match": 0.4213047592047758,
      "f1": 0.5052013012862392,
      "bleu": 0.5071810091469452
    },
    "zh": {
      "exact_match": 0.37918728650328376,
      "f1": 0.4843520514956981,
      "bleu": 0.46772319540228113
    },
    "hi": {
      "exact_match": 0.32737510939797576,
      "f1": 0.43460375375432464,
      "bleu": 0.4419847207700339
    }
  },
  "5-shot": {
    "en": {
      "exact_match": 0.7648087125467485,
      "f1": 0.898136690672926,
      "bleu": 0.8639106980585505
    },
    "es": {
      "exact_match": 0.7202921430606551,
      "f1": 0.8044947169145398,
      "bleu": 0.7681556864540263
    },
    "de": {
      "exact_match": 0.6670772622460447,
      "f1": 0.7926675572965982,
      "bleu": 0.7597917836536683
    },
    "el": {
      "exact_match": 0.6119975914371389,
      "f1": 0.7015893027953003,
      "bleu": 0.6792599828912917
    },
    "ru": {
      "exact_match": 0.6182773350627992,
      "f1": 0.7579254637448323,
      "bleu": 0.7265217785288224
    },
    "tr": {
      "exact_match": 0.5815344088902428,
      "f1": 0.6735352983854359,
      "bleu": 0.6420277272310593
    },
    "ar": {
      "exact_match": 0.5313800030252184,
      "f1": 0.6489446412220301,
      "bleu": 0.6307021912047756
    },
    "vi": {
      "exact_match": 0.510660297109483,
      "f1": 0.6085187918253889,
      "bleu": 0.5803824346312575
    },
    "th": {
      "exact_match": 0.4667677253304257,
      "f1": 0.5645163144672131,
      "bleu": 0.5468374735805713
    },
    "zh": {
      "exact_match": 0.4499279535974385,
      "f1": 0.5554100688984469,
      "bleu": 0.51269907531005
    },
    "hi": {
      "exact_match": 0.43045393980886043,
      "f1": 0.516900353286108,
      "bleu": 0.4722535365990514
    }
  },
  "10-shot": {
    "en": {
      "exact_match": 0.7857632844205994,
      "f1": 0.9560875300533404,
      "bleu": 0.8638321642709217
    },
    "es": {
      "exact_match": 0.7675666960581666,
      "f1": 0.8767744297267891,
      "bleu": 0.8101309236481136
    },
    "de": {
      "exact_match": 0.7569806086709076,
      "f1": 0.818734317432986,
      "bleu": 0.7686079429696501
    },
    "el": {
      "exact_match": 0.6638092323910874,
      "f1": 0.7459446148141019,
      "bleu": 0.7080600054991067
    },
    "ru": {
      "exact_match": 0.7053684635334785,
      "f1": 0.8066011747525142,
      "bleu": 0.7461266899668667
    },
    "tr": {
      "exact_match": 0.6249880969748551,
      "f1": 0.7243513915643531,
      "bleu": 0.6533168454776443
    },
    "ar": {
      "exact_match": 0.5767559174907363,
      "f1": 0.6958726486774868,
      "bleu": 0.6396087058448554
    },
    "vi": {
      "exact_match": 0.5344544215702769,
      "f1": 0.65689589117235,
      "bleu": 0.6070278467215517
    },
    "th": {
      "exact_match": 0.5252943646618615,
      "f1": 0.6320115820337185,
      "bleu": 0.5576256540448444
    },
    "zh": {
      "exact_match": 0.4817743966221519,
      "f1": 0.6012020154492855,
      "bleu": 0.5492561273381057
    },
    "hi": {
      "exact_match": 0.4347235702342654,
      "f1": 0.5507675418570706,
      "bleu": 0.5050519353618943
    }
  }
}