{
  "en": {
    "exact_match": 0.6892063870701944,
    "f1": 0.7565496408904536,
    "bleu": 0.803198007225225
  },
  "es": {
    "exact_match": 0.6174199440462528,
    "f1": 0.6581204351723507,
    "bleu": 0.7365633533922292
  },
  "de": {
    "exact_match": 0.6261319383383274,
    "f1": 0.6724528730178804,
    "bleu": 0.7291314608237527
  },
  "el": {
    "exact_match": 0.5462121570260395,
    "f1": 0.599652732874192,
    "bleu": 0.609577009135944
  },
  "ru": {
    "exact_match": 0.5496144204771671,
    "f1": 0.6785123115656281,
    "bleu": 0.6445888974568488
  },
  "tr": {
    "exact_match": 0.502395954055584,
    "f1": 0.5873016428592617,
    "bleu": 0.6182347141150187
  },
  "ar": {
    "exact_match": 0.4815540566488433,
    "f1": 0.5162355833837121,
    "bleu": 0.5716697997271682
  },
  "vi": {
    "exact_match": 0.4105503618023941,
    "f1": 0.4906967051157608,
    "bleu": 0.538617376781535
  },
  "th": {
    "exact_match": 0.4004866369877334,
    "f1": 0.503675938113363,
    "bleu": 0.5124396786239448
  },
  "zh": {
    "exact_match": 0.3785217293684962,
    "f1": 0.48507467139643246,
    "bleu": 0.46542734872108454
  },
  "hi": {
    "exact_match": 0.3458483088289094,
    "f1": 0.410858454381894,
    "bleu": 0.4482393806500634
  }
}