{
  "en": {
    "exact_match": 0.7620848734771634,
    "f1": 0.8083280287814639,
    "bleu": 0.7965272181062577
  },
  "es": {
    "exact_match": 0.656473679248515,
    "f1": 0.741055614735525,
    "bleu": 0.7198357238589018
  },
  "de": {
    "exact_match": 0.6499845758736751,
    "f1": 0.7014015117891806,
    "bleu": 0.6704471665355541
  },
  "el": {
    "exact_match": 0.565806557470876,
    "f1": 0.6499928847566713,
    "bleu": 0.592048622163907
  },
  "ru": {
    "exact_match": 0.5981255139690006,
    "f1": 0.6853011410072124,
    "bleu": 0.6359530275883215
  },
  "tr": {
    "exact_match": 0.5625818953572705,
    "f1": 0.6034537719105062,
    "bleu": 0.5731920445185087
  },
  "ar": {
    "exact_match": 0.5284891176418792,
    "f1": 0.5732494709518414,
    "bleu": 0.541665975518129
  },
  "vi": {
    "exact_match": 0.48865835263884433,
    "f1": 0.5201846281289672,
    "bleu": 0.49215016641359693
  },
  "th": {
    "exact_match": 0.47531394427885737,
    "f1": 0.5070858863112255,
    "bleu": 0.4622917259410668
  },
  "zh": {
    "exact_match": 0.40261594352923374,
    "f1": 0.47381861294120203,
    "bleu": 0.4374694971352268
  },
  "hi": {
    "exact_match": 0.3629400625909392,
    "f1": 0.4396094728663052,
    "bleu": 0.4245212280279981
  }
}